{
	"id": "09ae6c93-51d2-4edf-a83b-62f545bab2fd",
	"name": "api_credentials",
	"values": [
		{
			"key": "old_sandbox_client_id",
			"value": "your_sandbox_client_id",
			"type": "default",
			"enabled": true
		},
		{
			"key": "old_sandbox_client_secret",
			"value": "secret",
			"type": "secret",
			"enabled": true
		},
		{
			"key": "old_production_client_id",
			"value": "your_prod_client_id",
			"type": "default",
			"enabled": true
		},
		{
			"key": "old_production_client_secret",
			"value": "secret",
			"type": "secret",
			"enabled": true
		},
		{
			"key": "new_sandbox_client_id",
			"value": "",
			"type": "any",
			"enabled": true
		},
		{
			"key": "new_sandbox_client_secret",
			"value": "",
			"type": "secret",
			"enabled": true
		},
		{
			"key": "new_sandbox_auth_endpoint",
			"value": "",
			"type": "any",
			"enabled": true
		},
		{
			"key": "new_production_client_id",
			"value": "",
			"type": "any",
			"enabled": true
		},
		{
			"key": "new_production_client_secret",
			"value": "",
			"type": "secret",
			"enabled": true
		},
		{
			"key": "new_production_auth_endpoint",
			"value": "",
			"type": "any",
			"enabled": true
		}
	],
	"_postman_variable_scope": "environment",
	"_postman_exported_at": "2022-10-27T05:00:28.025Z",
	"_postman_exported_using": "Postman/9.31.21"
}