{
	"info": {
		"_postman_id": "a4aadc03-9d19-47c8-bee7-84d7271e2da8",
		"name": "API Credentials Migration",
		"schema": "https://schema.getpostman.com/json/collection/v2.1.0/collection.json",
		"_exporter_id": "7064900"
	},
	"item": [
		{
			"name": "SANDBOX",
			"item": [
				{
					"name": "Authentication",
					"event": [
						{
							"listen": "prerequest",
							"script": {
								"exec": [
									"const targetEnv = \"sandbox\";\r",
									"console.log(`>>>>>>>>>>>>>>>>>>>> ${targetEnv} <<<<<<<<<<<<<<<<<<<<<<<<`);\r",
									"pm.collectionVariables.set(\"target_env\", targetEnv);"
								],
								"type": "text/javascript"
							}
						},
						{
							"listen": "test",
							"script": {
								"exec": [
									"pm.test(\"Has valid response code/body\", () => {\r",
									"  pm.response.to.have.status(200);\r",
									"  pm.expect(pm.response.headers.get('Content-Type')).to.eql('application/json;charset=UTF-8');\r",
									"});\r",
									"\r",
									"pm.test(\"Given new access token\", () => {\r",
									"  responseJson = pm.response.json();\r",
									"  pm.expect(responseJson).to.have.own.property('access_token');\r",
									"\r",
									"  pm.collectionVariables.set(\"access_token\", responseJson[\"access_token\"]);\r",
									"});"
								],
								"type": "text/javascript"
							}
						}
					],
					"request": {
						"method": "POST",
						"header": [],
						"body": {
							"mode": "urlencoded",
							"urlencoded": [
								{
									"key": "grant_type",
									"value": "client_credentials",
									"type": "text"
								},
								{
									"key": "client_id",
									"value": "{{old_{{target_env}}_client_id}}",
									"type": "text"
								},
								{
									"key": "client_secret",
									"value": "{{old_{{target_env}}_client_secret}}",
									"type": "text"
								}
							]
						},
						"url": {
							"raw": "{{{{target_env}}_auth_endpoint}}",
							"host": [
								"{{{{target_env}}_auth_endpoint}}"
							]
						}
					},
					"response": []
				},
				{
					"name": "Retrieve new credentials",
					"event": [
						{
							"listen": "test",
							"script": {
								"exec": [
									"const getNewAuthEndpoint = (targetEnv) => {\r",
									"  const pattern = /^(https:\\/\\/auth)(-sandbox){0,1}(\\.era\\.raileurope\\.com\\/.*)$/\r",
									"  const oldUrl = pm.collectionVariables.get(`${targetEnv}_auth_endpoint`);\r",
									"\r",
									"  return oldUrl.replace(pattern, \"$1ent$2$3\")\r",
									"};\r",
									"\r",
									"const dumpToConsole = (targetEnv, clientId, clientSecret, authEndpoint) => {\r",
									"  console.log(`\\nEnvironment: ${targetEnv}\\nNew Client ID: ${clientId}\\nNew Client Secret: ${clientSecret}\\nNew Authentication endpoint: ${authEndpoint}\\n`);\r",
									"}\r",
									"\r",
									"pm.test(\"Has valid response code/body\", () => {\r",
									"  pm.response.to.have.status(200);\r",
									"  pm.expect(pm.response.headers.get('Content-Type')).to.eql('application/json');\r",
									"});\r",
									"\r",
									"pm.test(\"Returns new API credentials\", () => {\r",
									"  responseJson = pm.response.json();\r",
									"  pm.expect(responseJson).to.have.own.property('clientId');\r",
									"  pm.expect(responseJson).to.have.own.property('clientSecret');\r",
									"\r",
									"  const newClientId = responseJson[\"clientId\"];\r",
									"  const newClientSecret = responseJson[\"clientSecret\"];\r",
									"  const targetEnv = pm.collectionVariables.get(\"target_env\");\r",
									"  pm.environment.set(`new_${targetEnv}_client_id`, newClientId);\r",
									"  pm.environment.set(`new_${targetEnv}_client_secret`, newClientSecret);\r",
									"  pm.environment.set(`new_${targetEnv}_auth_endpoint`, getNewAuthEndpoint(targetEnv));\r",
									"\r",
									"  // dumpToConsole(targetEnv, newClientId, newClientSecret, getNewAuthEndpoint(targetEnv));\r",
									"});"
								],
								"type": "text/javascript"
							}
						},
						{
							"listen": "prerequest",
							"script": {
								"exec": [
									""
								],
								"type": "text/javascript"
							}
						}
					],
					"request": {
						"auth": {
							"type": "bearer",
							"bearer": [
								{
									"key": "token",
									"value": "{{access_token}}",
									"type": "string"
								}
							]
						},
						"method": "GET",
						"header": [],
						"url": {
							"raw": "{{{{target_env}}_api_endpoint}}/clients/me/credentials",
							"host": [
								"{{{{target_env}}_api_endpoint}}"
							],
							"path": [
								"clients",
								"me",
								"credentials"
							]
						}
					},
					"response": []
				},
				{
					"name": "Verify New Credentials",
					"event": [
						{
							"listen": "test",
							"script": {
								"exec": [
									"pm.test(\"Has valid response code/body\", () => {\r",
									"  pm.response.to.have.status(200);\r",
									"  pm.expect(pm.response.headers.get('Content-Type')).to.eql('application/json;charset=UTF-8');\r",
									"});\r",
									"\r",
									"pm.test(\"New credentials are valid\", () => {\r",
									"  responseJson = pm.response.json();\r",
									"  pm.expect(responseJson).to.have.own.property('access_token');\r",
									"\r",
									"  pm.collectionVariables.unset(\"access_token\");\r",
									"});"
								],
								"type": "text/javascript"
							}
						},
						{
							"listen": "prerequest",
							"script": {
								"exec": [
									""
								],
								"type": "text/javascript"
							}
						}
					],
					"request": {
						"method": "POST",
						"header": [],
						"body": {
							"mode": "urlencoded",
							"urlencoded": [
								{
									"key": "grant_type",
									"value": "client_credentials",
									"type": "text"
								},
								{
									"key": "client_id",
									"value": "{{new_{{target_env}}_client_id}}",
									"type": "text"
								},
								{
									"key": "client_secret",
									"value": "{{new_{{target_env}}_client_secret}}",
									"type": "text"
								}
							]
						},
						"url": {
							"raw": "{{new_{{target_env}}_auth_endpoint}}",
							"host": [
								"{{new_{{target_env}}_auth_endpoint}}"
							]
						}
					},
					"response": []
				}
			]
		},
		{
			"name": "PRODUCTION",
			"item": [
				{
					"name": "Authentication",
					"event": [
						{
							"listen": "prerequest",
							"script": {
								"exec": [
									"const targetEnv = \"production\";\r",
									"console.log(`>>>>>>>>>>>>>>>>>>>> ${targetEnv} <<<<<<<<<<<<<<<<<<<<<<<<`);\r",
									"pm.collectionVariables.set(\"target_env\", targetEnv);\r",
									""
								],
								"type": "text/javascript"
							}
						},
						{
							"listen": "test",
							"script": {
								"exec": [
									"pm.test(\"Has valid response code/body\", () => {\r",
									"  pm.response.to.have.status(200);\r",
									"  pm.expect(pm.response.headers.get('Content-Type')).to.eql('application/json;charset=UTF-8');\r",
									"});\r",
									"\r",
									"pm.test(\"Given new access token\", () => {\r",
									"  responseJson = pm.response.json();\r",
									"  pm.expect(responseJson).to.have.own.property('access_token');\r",
									"\r",
									"  pm.collectionVariables.set(\"access_token\", responseJson[\"access_token\"]);\r",
									"});\r",
									""
								],
								"type": "text/javascript"
							}
						}
					],
					"request": {
						"method": "POST",
						"header": [],
						"body": {
							"mode": "urlencoded",
							"urlencoded": [
								{
									"key": "grant_type",
									"value": "client_credentials",
									"type": "text"
								},
								{
									"key": "client_id",
									"value": "{{old_{{target_env}}_client_id}}",
									"type": "text"
								},
								{
									"key": "client_secret",
									"value": "{{old_{{target_env}}_client_secret}}",
									"type": "text"
								}
							]
						},
						"url": {
							"raw": "{{{{target_env}}_auth_endpoint}}",
							"host": [
								"{{{{target_env}}_auth_endpoint}}"
							]
						}
					},
					"response": []
				},
				{
					"name": "Retrieve new credentials",
					"event": [
						{
							"listen": "test",
							"script": {
								"exec": [
									"const getNewAuthEndpoint = (targetEnv) => {\r",
									"  const pattern = /^(https:\\/\\/auth)(-sandbox){0,1}(\\.era\\.raileurope\\.com\\/.*)$/\r",
									"  const oldUrl = pm.collectionVariables.get(`${targetEnv}_auth_endpoint`);\r",
									"\r",
									"  return oldUrl.replace(pattern, \"$1ent$2$3\")\r",
									"};\r",
									"\r",
									"const dumpToConsole = (targetEnv, clientId, clientSecret, authEndpoint) => {\r",
									"  console.log(`\\nEnvironment: ${targetEnv}\\nNew Client ID: ${clientId}\\nNew Client Secret: ${clientSecret}\\nNew Authentication endpoint: ${authEndpoint}\\n`);\r",
									"}\r",
									"\r",
									"pm.test(\"Has valid response code/body\", () => {\r",
									"  pm.response.to.have.status(200);\r",
									"  pm.expect(pm.response.headers.get('Content-Type')).to.eql('application/json');\r",
									"});\r",
									"\r",
									"pm.test(\"Returns new API credentials\", () => {\r",
									"  responseJson = pm.response.json();\r",
									"  pm.expect(responseJson).to.have.own.property('clientId');\r",
									"  pm.expect(responseJson).to.have.own.property('clientSecret');\r",
									"\r",
									"  const newClientId = responseJson[\"clientId\"];\r",
									"  const newClientSecret = responseJson[\"clientSecret\"];\r",
									"  const targetEnv = pm.collectionVariables.get(\"target_env\");\r",
									"  pm.environment.set(`new_${targetEnv}_client_id`, newClientId);\r",
									"  pm.environment.set(`new_${targetEnv}_client_secret`, newClientSecret);\r",
									"  pm.environment.set(`new_${targetEnv}_auth_endpoint`, getNewAuthEndpoint(targetEnv));\r",
									"\r",
									"  // dumpToConsole(targetEnv, newClientId, newClientSecret, getNewAuthEndpoint(targetEnv));\r",
									"});"
								],
								"type": "text/javascript"
							}
						},
						{
							"listen": "prerequest",
							"script": {
								"exec": [
									""
								],
								"type": "text/javascript"
							}
						}
					],
					"request": {
						"auth": {
							"type": "bearer",
							"bearer": [
								{
									"key": "token",
									"value": "{{access_token}}",
									"type": "string"
								}
							]
						},
						"method": "GET",
						"header": [],
						"url": {
							"raw": "{{{{target_env}}_api_endpoint}}/clients/me/credentials",
							"host": [
								"{{{{target_env}}_api_endpoint}}"
							],
							"path": [
								"clients",
								"me",
								"credentials"
							]
						}
					},
					"response": []
				},
				{
					"name": "Verify New Credentials",
					"event": [
						{
							"listen": "test",
							"script": {
								"exec": [
									"pm.test(\"Has valid response code/body\", () => {\r",
									"  pm.response.to.have.status(200);\r",
									"  pm.expect(pm.response.headers.get('Content-Type')).to.eql('application/json;charset=UTF-8');\r",
									"});\r",
									"\r",
									"pm.test(\"New credentials are valid\", () => {\r",
									"  responseJson = pm.response.json();\r",
									"  pm.expect(responseJson).to.have.own.property('access_token');\r",
									"\r",
									"  pm.collectionVariables.unset(\"access_token\");\r",
									"});"
								],
								"type": "text/javascript"
							}
						},
						{
							"listen": "prerequest",
							"script": {
								"exec": [
									""
								],
								"type": "text/javascript"
							}
						}
					],
					"request": {
						"method": "POST",
						"header": [],
						"body": {
							"mode": "urlencoded",
							"urlencoded": [
								{
									"key": "grant_type",
									"value": "client_credentials",
									"type": "text"
								},
								{
									"key": "client_id",
									"value": "{{new_{{target_env}}_client_id}}",
									"type": "text"
								},
								{
									"key": "client_secret",
									"value": "{{new_{{target_env}}_client_secret}}",
									"type": "text"
								}
							]
						},
						"url": {
							"raw": "{{new_{{target_env}}_auth_endpoint}}",
							"host": [
								"{{new_{{target_env}}_auth_endpoint}}"
							]
						}
					},
					"response": []
				}
			]
		}
	],
	"event": [
		{
			"listen": "prerequest",
			"script": {
				"type": "text/javascript",
				"exec": [
					""
				]
			}
		},
		{
			"listen": "test",
			"script": {
				"type": "text/javascript",
				"exec": [
					""
				]
			}
		}
	],
	"variable": [
		{
			"key": "target_env",
			"value": ""
		},
		{
			"key": "sandbox_auth_endpoint",
			"value": "https://auth-sandbox.era.raileurope.com/oauth2/token"
		},
		{
			"key": "sandbox_api_endpoint",
			"value": "https://api-sandbox.era.raileurope.com"
		},
		{
			"key": "production_auth_endpoint",
			"value": "https://auth.era.raileurope.com/oauth2/token"
		},
		{
			"key": "production_api_endpoint",
			"value": "https://api.era.raileurope.com"
		}
	]
}